{
  "roc_auc": 0.9953543810175706,
  "pr_auc": 0.9920869793033985,
  "best_f1": 0.9614553723706651,
  "best_thresh": 0.1387560343136915
}