{
  "roc_auc": 0.6038723181580324,
  "pr_auc": 0.14170473861164928,
  "best_f1": 0.34782608695652173,
  "best_thresh": 0.20757441911081984
}